{"name":"t:sections.footer.name","type":"footer","sections":{"footer":{"type":"footer","blocks":{"9a9d7ffd-337a-48a6-9c77-a73c4395cd39":{"type":"link_list","settings":{"heading":"Quick links","menu":"footer"}},"a96fb57d-ad3c-47f4-8fda-649acb9dcf18":{"type":"link_list","settings":{"heading":"Policies","menu":"policies"}},"89b16493-99b5-4a4a-bf37-ce6768c97fd2":{"type":"brand_information","disabled":true,"settings":{"show_social":true}},"3527e2c6-791f-49fd-9a1e-cf9deef6461c":{"type":"link_list","settings":{"heading":"Categories","menu":"categories"}},"2ff6a144-03f9-4b06-a63b-a984d779f62e":{"type":"text","settings":{"heading":"It's a Lifestyle","subtext":"<h4>La' French Perfumes has specially formulated premium products that are suitable for everyone. All our products are Paraben Free, Sulphate Free and Cruelty Free. By using alot of different essential oils in our products, we try to bring the best of nature to you.<\/h4>"}}},"block_order":["9a9d7ffd-337a-48a6-9c77-a73c4395cd39","a96fb57d-ad3c-47f4-8fda-649acb9dcf18","89b16493-99b5-4a4a-bf37-ce6768c97fd2","3527e2c6-791f-49fd-9a1e-cf9deef6461c","2ff6a144-03f9-4b06-a63b-a984d779f62e"],"settings":{"color_scheme":"accent-1","newsletter_enable":true,"newsletter_heading":"Subscribe to our emails","enable_follow_on_shop":true,"show_social":true,"enable_country_selector":true,"enable_language_selector":true,"payment_enable":true,"show_policy":true,"margin_top":36,"padding_top":36,"padding_bottom":36}}},"order":["footer"]}