{"name":"t:sections.header.name","type":"header","sections":{"announcement-bar":{"type":"announcement-bar","blocks":{"announcement-bar-0":{"type":"announcement","settings":{"text":"Free Shipping Above Rs 299\/-","link":""}},"a089ad79-3ac7-4a8b-833e-a45d9add3f73":{"type":"announcement","disabled":true,"settings":{"text":"Up to 50% Discount on Products!","link":""}},"4e5563a3-586d-452b-87f5-c02f4c3e9f43":{"type":"announcement","settings":{"text":"Additional 20% off on all Products","link":"shopify:\/\/collections\/all-products-1"}},"d2b466aa-39ec-42f4-bdb0-bee9d0bc3cb9":{"type":"announcement","settings":{"text":"Free Gift on Cart Value of Rs 799\/-","link":"shopify:\/\/collections\/all-products-1"}}},"block_order":["announcement-bar-0","a089ad79-3ac7-4a8b-833e-a45d9add3f73","4e5563a3-586d-452b-87f5-c02f4c3e9f43","d2b466aa-39ec-42f4-bdb0-bee9d0bc3cb9"],"settings":{"color_scheme":"accent-2","show_line_separator":true,"auto_rotate":true,"change_slides_speed":5}},"header":{"type":"header","custom_css":[".header__active-menu-item {font-weight: 800;}"],"settings":{"logo_position":"top-center","menu":"main-menu","menu_type_desktop":"dropdown","sticky_header_type":"always","show_line_separator":true,"color_scheme":"inverse","enable_country_selector":false,"enable_language_selector":false,"mobile_logo_position":"center","margin_bottom":0,"padding_top":0,"padding_bottom":4}},"528fca06-a9f9-42bb-aecd-90265c34ad43":{"type":"custom-liquid","disabled":true,"settings":{"custom_liquid":"","color_scheme":"","padding_top":40,"padding_bottom":52}}},"order":["announcement-bar","header","528fca06-a9f9-42bb-aecd-90265c34ad43"]}