{"sections":{"banner":{"type":"main-collection-banner","disabled":true,"settings":{"show_collection_description":true,"show_collection_image":false,"color_scheme":"background-1"}},"c2bb1be7-bbae-446f-a075-f37733defb8a":{"type":"rich-text","blocks":{"template--19916141003048__c2bb1be7-bbae-446f-a075-f37733defb8a-16895312749ea89efe-0":{"type":"heading","settings":{"heading":"{{ collection.metafields.custom.name.value }}","heading_size":"h1"}},"template--19916141003048__c2bb1be7-bbae-446f-a075-f37733defb8a-16895312749ea89efe-1":{"type":"text","disabled":true,"settings":{"text":"<p>Share information about your brand with your customers. Describe a product, make announcements, or welcome customers to your store.<\/p>"}},"template--19916141003048__c2bb1be7-bbae-446f-a075-f37733defb8a-16895312749ea89efe-2":{"type":"button","disabled":true,"settings":{"button_label":"Button label","button_link":"","button_style_secondary":false,"button_label_2":"","button_link_2":"","button_style_secondary_2":false}}},"block_order":["template--19916141003048__c2bb1be7-bbae-446f-a075-f37733defb8a-16895312749ea89efe-0","template--19916141003048__c2bb1be7-bbae-446f-a075-f37733defb8a-16895312749ea89efe-1","template--19916141003048__c2bb1be7-bbae-446f-a075-f37733defb8a-16895312749ea89efe-2"],"custom_css":[".rich-text {margin-top: 20px; background-color: #242833;}",".rich-text__heading {color: white;}"],"settings":{"desktop_content_position":"center","content_alignment":"center","color_scheme":"","full_width":true,"padding_top":16,"padding_bottom":16}},"0d7e258c-4d30-4eb6-a02b-8802473e9850":{"type":"custom-liquid","settings":{"custom_liquid":"<script type=\"text\/javascript\" async=\"\" src=https:\/\/feed.lively.li\/shoppableFeedsNew.min.js><\/script> <div id= \"render_lively_html_content\" brand_id=\"240a8a76ac\" style=\"z-index: 1000;\">","color_scheme":"","padding_top":40,"padding_bottom":52}},"product-grid":{"type":"main-collection-product-grid","custom_css":[".button {background-color: #242833; border-radius: 10px; color: white;}",".card__heading {font-weight: 800;}",".card {background-color: #fcf8f8;}"],"settings":{"products_per_page":24,"columns_desktop":4,"image_ratio":"adapt","image_shape":"default","show_secondary_image":true,"show_vendor":true,"show_rating":true,"enable_quick_add":true,"enable_filtering":true,"filter_type":"horizontal","enable_sorting":true,"columns_mobile":"2","padding_top":36,"padding_bottom":36}},"aedefd10-2c26-499a-88c6-3757c98b4d5e":{"type":"rich-text","blocks":{"template--19916141003048__aedefd10-2c26-499a-88c6-3757c98b4d5e-16894890902385dedb-0":{"type":"heading","settings":{"heading":"{{ collection.metafields.custom.about_collection_heading.value }}","heading_size":"h1"}},"template--19916141003048__aedefd10-2c26-499a-88c6-3757c98b4d5e-16894890902385dedb-1":{"type":"text","settings":{"text":"{{ collection.metafields.custom.about_collection_content | metafield_tag }}"}},"template--19916141003048__aedefd10-2c26-499a-88c6-3757c98b4d5e-16894890902385dedb-2":{"type":"button","disabled":true,"settings":{"button_label":"Button label","button_link":"","button_style_secondary":false,"button_label_2":"","button_link_2":"","button_style_secondary_2":false}}},"block_order":["template--19916141003048__aedefd10-2c26-499a-88c6-3757c98b4d5e-16894890902385dedb-0","template--19916141003048__aedefd10-2c26-499a-88c6-3757c98b4d5e-16894890902385dedb-1","template--19916141003048__aedefd10-2c26-499a-88c6-3757c98b4d5e-16894890902385dedb-2"],"settings":{"desktop_content_position":"center","content_alignment":"center","color_scheme":"background-2","full_width":true,"padding_top":40,"padding_bottom":52}}},"order":["banner","c2bb1be7-bbae-446f-a075-f37733defb8a","0d7e258c-4d30-4eb6-a02b-8802473e9850","product-grid","aedefd10-2c26-499a-88c6-3757c98b4d5e"]}