{"sections":{"09136434-c443-4b0f-84b1-aebaa5acf575":{"type":"slideshow","blocks":{"template--19916141035816__09136434-c443-4b0f-84b1-aebaa5acf575-16894236427063b3f6-0":{"type":"slide","disabled":true,"settings":{"image":"shopify:\/\/shop_images\/360_1.png","heading":"Quartet of enchanting scents, nestled in one exquisite box","heading_size":"h1","subheading":"","button_label":"SHOP NOW","link":"shopify:\/\/collections\/gift-set","button_style_secondary":false,"box_align":"bottom-center","show_text_box":true,"text_alignment":"center","image_overlay_opacity":0,"color_scheme":"","text_alignment_mobile":"center"}},"template--19916141035816__09136434-c443-4b0f-84b1-aebaa5acf575-16894236427063b3f6-1":{"type":"slide","settings":{"image":"shopify:\/\/shop_images\/banner_discount_20_psd_RESIZE.jpg","heading":"","heading_size":"h1","subheading":"","button_label":"","link":"shopify:\/\/collections\/all-products-1","button_style_secondary":false,"box_align":"bottom-center","show_text_box":true,"text_alignment":"center","image_overlay_opacity":0,"color_scheme":"","text_alignment_mobile":"center"}},"9037dec2-095e-42aa-98e2-69a7c5306906":{"type":"slide","settings":{"image":"shopify:\/\/shop_images\/2_1_f657755d-749f-4811-8741-74f44623d421.jpg","heading":"","heading_size":"h1","subheading":"","button_label":"","link":"shopify:\/\/collections\/all-products-1","button_style_secondary":false,"box_align":"middle-center","show_text_box":false,"text_alignment":"center","image_overlay_opacity":0,"color_scheme":"background-1","text_alignment_mobile":"center"}}},"block_order":["template--19916141035816__09136434-c443-4b0f-84b1-aebaa5acf575-16894236427063b3f6-0","template--19916141035816__09136434-c443-4b0f-84b1-aebaa5acf575-16894236427063b3f6-1","9037dec2-095e-42aa-98e2-69a7c5306906"],"custom_css":[".banner__heading {margin-top: 350px; color: #f1eded; font-size: 28px;}"],"settings":{"layout":"grid","slide_height":"adapt_image","slider_visual":"counter","auto_rotate":true,"change_slides_speed":3,"image_behavior":"none","show_text_below":false,"accessibility_info":""}},"ff984bce-d6d3-4ac2-b143-ab9a8c1ef499":{"type":"slideshow","blocks":{"template--19916141035816__ff984bce-d6d3-4ac2-b143-ab9a8c1ef499-16894236427063b3f6-0":{"type":"slide","settings":{"image":"shopify:\/\/shop_images\/la_french_free_deo_banner_..jpg","heading":"","heading_size":"h1","subheading":"","button_label":"","link":"https:\/\/lafrenchperfumes.com\/collections\/all-products-1","button_style_secondary":false,"box_align":"bottom-center","show_text_box":false,"text_alignment":"center","image_overlay_opacity":0,"color_scheme":"background-1","text_alignment_mobile":"center"}},"970af75b-c971-4add-b849-33f9be3dd3ff":{"type":"slide","disabled":true,"settings":{"image":"shopify:\/\/shop_images\/L_F.png","heading":"Quartet of enchanting              scents, nestled in one exquisite box","heading_size":"h1","subheading":"","button_label":"SHOP NOW","link":"shopify:\/\/collections\/gift-set","button_style_secondary":false,"box_align":"middle-center","show_text_box":false,"text_alignment":"center","image_overlay_opacity":10,"color_scheme":"","text_alignment_mobile":"center"}},"template--19916141035816__ff984bce-d6d3-4ac2-b143-ab9a8c1ef499-16894236427063b3f6-1":{"type":"slide","disabled":true,"settings":{"image":"shopify:\/\/shop_images\/f23_1.png","heading":"Pack of 3 Deodorant.","heading_size":"h1","subheading":"","button_label":"SHOP NOW","link":"shopify:\/\/collections\/deodorant","button_style_secondary":false,"box_align":"middle-right","show_text_box":false,"text_alignment":"center","image_overlay_opacity":0,"color_scheme":"","text_alignment_mobile":"center"}},"7982ab2f-3152-47b8-853a-0f826a40c185":{"type":"slide","settings":{"image":"shopify:\/\/shop_images\/without_shop_now_bmner_1f9b2675-4f87-4910-9395-aecb36b4bdb5.jpg","heading":"","heading_size":"h1","subheading":"","button_label":"","link":"shopify:\/\/collections\/all-products-1","button_style_secondary":false,"box_align":"bottom-center","show_text_box":false,"text_alignment":"center","image_overlay_opacity":0,"color_scheme":"background-1","text_alignment_mobile":"center"}}},"block_order":["template--19916141035816__ff984bce-d6d3-4ac2-b143-ab9a8c1ef499-16894236427063b3f6-0","970af75b-c971-4add-b849-33f9be3dd3ff","template--19916141035816__ff984bce-d6d3-4ac2-b143-ab9a8c1ef499-16894236427063b3f6-1","7982ab2f-3152-47b8-853a-0f826a40c185"],"custom_css":[".banner__heading {margin-left: 100px; color: #f1eded; font-size: 32px;}"],"settings":{"layout":"full_bleed","slide_height":"adapt_image","slider_visual":"dots","auto_rotate":true,"change_slides_speed":3,"image_behavior":"none","show_text_below":false,"accessibility_info":"Slideshow about our brand"}},"2f221fa5-9480-4ebb-bb46-59ea0d22e4b7":{"type":"custom-liquid","settings":{"custom_liquid":"<script type=\"text\/javascript\" async=\"\" src=https:\/\/feed.lively.li\/shoppableFeedsNew.min.js><\/script> <div id= \"render_lively_html_content\" brand_id=\"240a8a76ac\" style=\"z-index: 1000;\">","color_scheme":"","padding_top":12,"padding_bottom":28}},"2eb932fd-2963-4967-8b0f-f7ec97dfa94f":{"type":"collection-list","blocks":{"1a96d3ff-e144-4da2-b12a-9e1abfbfb8b5":{"type":"featured_collection","settings":{"collection":"perfume"}},"2012ed4b-1b08-4aa9-9ff4-aabaa07c3787":{"type":"featured_collection","settings":{"collection":"combos"}},"template--19916141035816__2eb932fd-2963-4967-8b0f-f7ec97dfa94f-168940203013ef8fb3-0":{"type":"featured_collection","settings":{"collection":"gift-set"}},"template--19916141035816__2eb932fd-2963-4967-8b0f-f7ec97dfa94f-168940203013ef8fb3-2":{"type":"featured_collection","disabled":true,"settings":{"collection":"oudh-collection"}},"0925965b-a1ea-4480-895e-22f82cd6093a":{"type":"featured_collection","disabled":true,"settings":{"collection":"mood-collection"}}},"block_order":["1a96d3ff-e144-4da2-b12a-9e1abfbfb8b5","2012ed4b-1b08-4aa9-9ff4-aabaa07c3787","template--19916141035816__2eb932fd-2963-4967-8b0f-f7ec97dfa94f-168940203013ef8fb3-0","template--19916141035816__2eb932fd-2963-4967-8b0f-f7ec97dfa94f-168940203013ef8fb3-2","0925965b-a1ea-4480-895e-22f82cd6093a"],"custom_css":[".card__heading {font-weight: 700; color: #f3f3f3; margin-left: 50px;}",".card {background-color: #242833; border-radius: 10px;}"],"settings":{"title":"","heading_size":"h1","image_ratio":"adapt","columns_desktop":3,"color_scheme":"background-2","show_view_all":false,"columns_mobile":"2","swipe_on_mobile":true,"padding_top":24,"padding_bottom":0}},"13eccead-54c1-4ce0-8bc6-56ca96a28a54":{"type":"rich-text","blocks":{"bd990084-06c7-4692-8f9f-2f2b8cb278fe":{"type":"heading","settings":{"heading":"<strong>GIFTSETS<\/strong>","heading_size":"h1"}},"dfe8016a-25f6-4a69-afa1-7f9292322d71":{"type":"text","disabled":true,"settings":{"text":"<p>Share information about your brand with your customers. Describe a product, make announcements, or welcome customers to your store.<\/p>"}},"9e540f1b-5941-4c5e-962d-f097d5f5e6ce":{"type":"button","disabled":true,"settings":{"button_label":"Button label","button_link":"shopify:\/\/collections\/gift-set","button_style_secondary":false,"button_label_2":"","button_link_2":"","button_style_secondary_2":false}}},"block_order":["bd990084-06c7-4692-8f9f-2f2b8cb278fe","dfe8016a-25f6-4a69-afa1-7f9292322d71","9e540f1b-5941-4c5e-962d-f097d5f5e6ce"],"settings":{"desktop_content_position":"center","content_alignment":"center","color_scheme":"","full_width":true,"padding_top":36,"padding_bottom":28}},"9f008e21-f9ba-4ada-ad19-6daa32e844ab":{"type":"image-banner","blocks":{"e7ca96e6-460d-4ed1-a5ed-1f7bf43c7db4":{"type":"heading","disabled":true,"settings":{"heading":"Browse our latest products","heading_size":"h0"}},"98dc55c9-12cb-4b40-b700-39e3103e32c5":{"type":"buttons","settings":{"button_label_1":"","button_link_1":"shopify:\/\/collections\/gift-set","button_style_secondary_1":false,"button_label_2":"","button_link_2":"shopify:\/\/collections\/all-products-1","button_style_secondary_2":false}}},"block_order":["e7ca96e6-460d-4ed1-a5ed-1f7bf43c7db4","98dc55c9-12cb-4b40-b700-39e3103e32c5"],"custom_css":["@media (min-width: 750px) {.banner {margin-left: 50px; margin-right: 50px; margin-top: 20px; margin-bottom: 20px; }}"],"settings":{"image":"shopify:\/\/shop_images\/111111.gif","image_overlay_opacity":0,"image_height":"adapt","desktop_content_position":"middle-center","show_text_box":false,"desktop_content_alignment":"center","color_scheme":"inverse","image_behavior":"none","mobile_content_alignment":"center","stack_images_on_mobile":false,"show_text_below":false}},"769c1310-8f06-4e31-97ca-6a91dd417abe":{"type":"featured-collection","custom_css":[".card__heading {font-weight: 800;}",".badge {border-radius: 0;}","@media (min-width: 750px) {.collection {margin-left: 50px; margin-right: 50px; margin-top: 20px; margin-bottom: 20px; }}",".button {background-color: #242833; color: white; border-radius: 10px;}",".card {background-color: #fcf8f8;}"],"settings":{"title":"","heading_size":"h1","description":"","show_description":false,"description_style":"body","collection":"gift-set","products_to_show":25,"columns_desktop":4,"full_width":true,"show_view_all":false,"view_all_style":"solid","enable_desktop_slider":true,"color_scheme":"background-1","image_ratio":"adapt","image_shape":"default","show_secondary_image":true,"show_vendor":false,"show_rating":false,"enable_quick_add":true,"columns_mobile":"2","swipe_on_mobile":true,"padding_top":0,"padding_bottom":0}},"e11e8aae-1e2a-4f31-9f06-de213915d566":{"type":"rich-text","blocks":{"b119baad-e2d5-4a36-9762-6768de81c318":{"type":"heading","settings":{"heading":"<strong>CITY OF DREAMS<\/strong>","heading_size":"h1"}},"2d241db6-210a-46a5-94fb-874ce26fe056":{"type":"text","disabled":true,"settings":{"text":"<p>Share information about your brand with your customers. Describe a product, make announcements, or welcome customers to your store.<\/p>"}}},"block_order":["b119baad-e2d5-4a36-9762-6768de81c318","2d241db6-210a-46a5-94fb-874ce26fe056"],"settings":{"desktop_content_position":"center","content_alignment":"center","color_scheme":"","full_width":true,"padding_top":28,"padding_bottom":28}},"image_banner":{"type":"image-banner","blocks":{"heading":{"type":"heading","disabled":true,"settings":{"heading":"Browse our latest products","heading_size":"h0"}},"button":{"type":"buttons","settings":{"button_label_1":"","button_link_1":"shopify:\/\/collections\/city-of-dream-collection","button_style_secondary_1":false,"button_label_2":"","button_link_2":"shopify:\/\/collections\/all-products-1","button_style_secondary_2":false}}},"block_order":["heading","button"],"custom_css":["@media (min-width: 750px) {.banner {margin-left: 50px; margin-right: 50px; margin-top: 20px; margin-bottom: 20px; }}"],"settings":{"image":"shopify:\/\/shop_images\/resize_city_bner.gif","image_overlay_opacity":0,"image_height":"adapt","desktop_content_position":"bottom-center","show_text_box":false,"desktop_content_alignment":"center","color_scheme":"inverse","image_behavior":"none","mobile_content_alignment":"center","stack_images_on_mobile":false,"show_text_below":false}},"919f28a0-8ea2-4eb9-b230-af2118b270ef":{"type":"featured-collection","custom_css":[".card__heading {font-weight: 800;}",".badge {border-radius: 0;}","@media (min-width: 750px) {.collection {margin-left: 50px; margin-right: 50px; margin-top: 20px; margin-bottom: 20px; }}",".button {background-color: #242833; color: white; border-radius: 10px;}",".card {background-color: #fcf8f8;}"],"settings":{"title":"","heading_size":"h1","description":"","show_description":false,"description_style":"body","collection":"city-of-dream-collection","products_to_show":12,"columns_desktop":4,"full_width":true,"show_view_all":false,"view_all_style":"solid","enable_desktop_slider":true,"color_scheme":"background-1","image_ratio":"adapt","image_shape":"default","show_secondary_image":true,"show_vendor":false,"show_rating":false,"enable_quick_add":true,"columns_mobile":"2","swipe_on_mobile":true,"padding_top":0,"padding_bottom":0}},"9fa72d39-51ae-4063-b5d3-ceed6d653a28":{"type":"rich-text","blocks":{"4aaf86c5-b74e-4d6f-a423-8c0da2f7f659":{"type":"heading","settings":{"heading":"<strong>CLASSIC COLLECTION<\/strong>","heading_size":"h1"}},"f49a8c76-1280-46e1-980f-620abb115ea0":{"type":"text","disabled":true,"settings":{"text":"<p>Share information about your brand with your customers. Describe a product, make announcements, or welcome customers to your store.<\/p>"}},"229e8d78-099b-4a60-aad5-7e31d1ba712e":{"type":"button","disabled":true,"settings":{"button_label":"Button label","button_link":"shopify:\/\/collections\/classic-range-collection","button_style_secondary":false,"button_label_2":"","button_link_2":"","button_style_secondary_2":false}}},"block_order":["4aaf86c5-b74e-4d6f-a423-8c0da2f7f659","f49a8c76-1280-46e1-980f-620abb115ea0","229e8d78-099b-4a60-aad5-7e31d1ba712e"],"settings":{"desktop_content_position":"center","content_alignment":"center","color_scheme":"","full_width":true,"padding_top":12,"padding_bottom":16}},"4dbc3ed0-fddf-4819-817e-7a2bff3c6a30":{"type":"image-banner","blocks":{"a944409d-6310-460b-a90f-a50e1553d77d":{"type":"heading","disabled":true,"settings":{"heading":"Browse our latest products","heading_size":"h2"}},"036fdb2e-fbde-4f13-a772-8a84e20210a0":{"type":"buttons","settings":{"button_label_1":"","button_link_1":"shopify:\/\/collections\/classic-range-collection","button_style_secondary_1":false,"button_label_2":"","button_link_2":"shopify:\/\/collections\/classic-range-collection","button_style_secondary_2":false}}},"block_order":["a944409d-6310-460b-a90f-a50e1553d77d","036fdb2e-fbde-4f13-a772-8a84e20210a0"],"settings":{"image":"shopify:\/\/shop_images\/stylish_man_gif_weddy.gif","image_overlay_opacity":0,"image_height":"adapt","desktop_content_position":"bottom-center","show_text_box":false,"desktop_content_alignment":"center","color_scheme":"inverse","image_behavior":"none","mobile_content_alignment":"center","stack_images_on_mobile":false,"show_text_below":false}},"7dcd66fb-ba30-499a-b2b4-b788f3396478":{"type":"featured-collection","custom_css":[".card__heading {font-weight: 800;}",".badge {border-radius: 0;}","@media (min-width: 750px) {.collection {margin-left: 50px; margin-right: 50px; margin-top: 20px; margin-bottom: 20px; }}",".button {background-color: #242833; color: white; border-radius: 10px;}",".card {background-color: #fcf8f8;}"],"settings":{"title":"","heading_size":"h1","description":"","show_description":false,"description_style":"body","collection":"classic-range-collection","products_to_show":4,"columns_desktop":4,"full_width":true,"show_view_all":false,"view_all_style":"solid","enable_desktop_slider":true,"color_scheme":"background-1","image_ratio":"adapt","image_shape":"default","show_secondary_image":true,"show_vendor":false,"show_rating":true,"enable_quick_add":true,"columns_mobile":"2","swipe_on_mobile":true,"padding_top":0,"padding_bottom":0}},"8b2568f5-6ea1-4c9d-8085-77947a31a022":{"type":"rich-text","blocks":{"75b8fa9f-6bb0-47f4-b8d1-62fcddb3d14e":{"type":"heading","settings":{"heading":"<strong>OUDH COLLECTION<\/strong>","heading_size":"h1"}},"bf683d30-ecca-42ba-b01c-1e484bd69e7f":{"type":"text","disabled":true,"settings":{"text":"<p>Share information about your brand with your customers. Describe a product, make announcements, or welcome customers to your store.<\/p>"}},"fcfa0580-05ab-4ae9-8ae9-27653ba32130":{"type":"button","disabled":true,"settings":{"button_label":"Button label","button_link":"","button_style_secondary":false,"button_label_2":"","button_link_2":"","button_style_secondary_2":false}}},"block_order":["75b8fa9f-6bb0-47f4-b8d1-62fcddb3d14e","bf683d30-ecca-42ba-b01c-1e484bd69e7f","fcfa0580-05ab-4ae9-8ae9-27653ba32130"],"settings":{"desktop_content_position":"center","content_alignment":"center","color_scheme":"","full_width":true,"padding_top":0,"padding_bottom":16}},"b75bf887-513f-43ed-ae47-540a815c8ec4":{"type":"image-banner","blocks":{"d139ca5a-6f25-414b-a70e-1aad32c27dca":{"type":"heading","disabled":true,"settings":{"heading":"Browse our latest products","heading_size":"h0"}},"a07f73c7-dd3c-4497-acae-48d3b86bb542":{"type":"buttons","settings":{"button_label_1":"","button_link_1":"shopify:\/\/collections\/oudh-collection","button_style_secondary_1":true,"button_label_2":"","button_link_2":"","button_style_secondary_2":false}}},"block_order":["d139ca5a-6f25-414b-a70e-1aad32c27dca","a07f73c7-dd3c-4497-acae-48d3b86bb542"],"custom_css":["@media (min-width: 750px) {.banner {margin-left: 50px; margin-right: 50px; margin-top: 20px; margin-bottom: 20px; }}"],"settings":{"image":"shopify:\/\/shop_images\/resize_luxary_oudh_banner_gif.gif","image_overlay_opacity":0,"image_height":"adapt","desktop_content_position":"bottom-center","show_text_box":false,"desktop_content_alignment":"center","color_scheme":"inverse","image_behavior":"none","mobile_content_alignment":"center","stack_images_on_mobile":false,"show_text_below":false}},"da514475-568d-4418-9e7f-519d7b45d5a1":{"type":"featured-collection","custom_css":[".card__heading {font-weight: 800;}",".badge {border-radius: 0;}","@media (min-width: 750px) {.collection {margin-left: 50px; margin-right: 50px; margin-top: 20px; margin-bottom: 20px; }}",".button {background-color: #242833; color: white;}",".card {background-color: #fcf8f8;}"],"settings":{"title":"","heading_size":"h1","description":"","show_description":false,"description_style":"body","collection":"oudh-collection","products_to_show":4,"columns_desktop":4,"full_width":true,"show_view_all":false,"view_all_style":"solid","enable_desktop_slider":true,"color_scheme":"background-1","image_ratio":"adapt","image_shape":"default","show_secondary_image":true,"show_vendor":false,"show_rating":true,"enable_quick_add":true,"columns_mobile":"2","swipe_on_mobile":true,"padding_top":16,"padding_bottom":36}},"0bf9dd82-7877-4f46-9c64-4ecbe5985edc":{"type":"rich-text","blocks":{"template--19916141035816__0bf9dd82-7877-4f46-9c64-4ecbe5985edc-heading-1":{"type":"heading","settings":{"heading":"<strong>MILITARY COLLECTION<\/strong>","heading_size":"h1"}},"template--19916141035816__0bf9dd82-7877-4f46-9c64-4ecbe5985edc-text-1":{"type":"text","disabled":true,"settings":{"text":""}},"template--19916141035816__0bf9dd82-7877-4f46-9c64-4ecbe5985edc-button-1":{"type":"button","disabled":true,"settings":{"button_label":"Button label","button_link":"","button_style_secondary":false,"button_label_2":"","button_link_2":"","button_style_secondary_2":false}}},"block_order":["template--19916141035816__0bf9dd82-7877-4f46-9c64-4ecbe5985edc-heading-1","template--19916141035816__0bf9dd82-7877-4f46-9c64-4ecbe5985edc-text-1","template--19916141035816__0bf9dd82-7877-4f46-9c64-4ecbe5985edc-button-1"],"settings":{"desktop_content_position":"center","content_alignment":"center","color_scheme":"","full_width":true,"padding_top":0,"padding_bottom":0}},"596f470f-3fae-466d-84b0-2549c1845c22":{"type":"image-banner","blocks":{"348a9dcf-9c6a-41bc-869b-466af4d0f50c":{"type":"heading","disabled":true,"settings":{"heading":"Browse our latest products","heading_size":"h0"}},"080d6125-a15f-42d0-8cb3-f10576b24c15":{"type":"buttons","settings":{"button_label_1":"","button_link_1":"shopify:\/\/collections\/military-range","button_style_secondary_1":true,"button_label_2":"","button_link_2":"","button_style_secondary_2":false}}},"block_order":["348a9dcf-9c6a-41bc-869b-466af4d0f50c","080d6125-a15f-42d0-8cb3-f10576b24c15"],"custom_css":["@media (min-width: 750px) {.banner {margin-left: 50px; margin-right: 50px; margin-top: 20px; margin-bottom: 20px; }}"],"settings":{"image":"shopify:\/\/shop_images\/militiary_psddd.gif","image_overlay_opacity":0,"image_height":"adapt","desktop_content_position":"bottom-center","show_text_box":false,"desktop_content_alignment":"center","color_scheme":"inverse","image_behavior":"none","mobile_content_alignment":"center","stack_images_on_mobile":false,"show_text_below":false}},"a0d872a0-430d-4da0-9653-13b41853f835":{"type":"featured-collection","custom_css":[".card__heading {font-weight: 800;}",".badge {border-radius: 0;}","@media (min-width: 750px) {.collection {margin-left: 50px; margin-right: 50px; margin-top: 20px; margin-bottom: 20px; }}",".button {background-color: #242833; color: white;}",".card {background-color: #fcf8f8;}"],"settings":{"title":"","heading_size":"h1","description":"","show_description":false,"description_style":"body","collection":"military-range","products_to_show":4,"columns_desktop":4,"full_width":true,"show_view_all":false,"view_all_style":"solid","enable_desktop_slider":true,"color_scheme":"background-1","image_ratio":"adapt","image_shape":"default","show_secondary_image":true,"show_vendor":false,"show_rating":true,"enable_quick_add":true,"columns_mobile":"2","swipe_on_mobile":true,"padding_top":0,"padding_bottom":4}},"ea7332f2-3d2c-4d8f-bb20-645ace2df425":{"type":"rich-text","blocks":{"38f64983-7141-49ca-b7e8-36d92aaa2173":{"type":"heading","settings":{"heading":"<strong>MOOD COLLECTION<\/strong>","heading_size":"h1"}},"6edc8849-c374-4653-998b-ed1bfac29f12":{"type":"text","disabled":true,"settings":{"text":"<p>Share information about your brand with your customers. Describe a product, make announcements, or welcome customers to your store.<\/p>"}},"ba7c661c-43be-4d17-82de-84720464a12c":{"type":"button","disabled":true,"settings":{"button_label":"Button label","button_link":"","button_style_secondary":false,"button_label_2":"","button_link_2":"","button_style_secondary_2":false}}},"block_order":["38f64983-7141-49ca-b7e8-36d92aaa2173","6edc8849-c374-4653-998b-ed1bfac29f12","ba7c661c-43be-4d17-82de-84720464a12c"],"settings":{"desktop_content_position":"center","content_alignment":"center","color_scheme":"","full_width":true,"padding_top":0,"padding_bottom":0}},"ee393290-4ff4-424a-b276-0d964f2e2f69":{"type":"image-banner","blocks":{"f52560d5-c8eb-4a20-addd-72ed81796d9e":{"type":"heading","disabled":true,"settings":{"heading":"Browse our latest products","heading_size":"h0"}},"5a832efd-b4e9-4866-803d-1edbb79e5a5c":{"type":"buttons","settings":{"button_label_1":"","button_link_1":"shopify:\/\/collections\/mood-collection","button_style_secondary_1":false,"button_label_2":"","button_link_2":"","button_style_secondary_2":false}}},"block_order":["f52560d5-c8eb-4a20-addd-72ed81796d9e","5a832efd-b4e9-4866-803d-1edbb79e5a5c"],"custom_css":["@media (min-width: 750px) {.banner {margin-left: 50px; margin-right: 50px; margin-top: 20px; margin-bottom: 20px; }}"],"settings":{"image":"shopify:\/\/shop_images\/resize_mood_perfurme_2_fd.gif","image_overlay_opacity":0,"image_height":"adapt","desktop_content_position":"bottom-center","show_text_box":false,"desktop_content_alignment":"center","color_scheme":"inverse","image_behavior":"none","mobile_content_alignment":"center","stack_images_on_mobile":false,"show_text_below":false}},"5969a749-01ae-4c46-8bca-9da760940828":{"type":"featured-collection","custom_css":[".card__heading {font-weight: 800;}",".badge {border-radius: 0;}","@media (min-width: 750px) {.collection {margin-left: 50px; margin-right: 50px; margin-top: 20px; margin-bottom: 20px; }}",".button {background-color: #242833; color: white;}"],"settings":{"title":"","heading_size":"h1","description":"","show_description":false,"description_style":"body","collection":"mood-collection","products_to_show":4,"columns_desktop":4,"full_width":true,"show_view_all":true,"view_all_style":"solid","enable_desktop_slider":true,"color_scheme":"background-1","image_ratio":"adapt","image_shape":"default","show_secondary_image":true,"show_vendor":false,"show_rating":true,"enable_quick_add":true,"columns_mobile":"2","swipe_on_mobile":true,"padding_top":0,"padding_bottom":0}},"1cde59cb-baae-46c2-9504-abb906c0deef":{"type":"rich-text","blocks":{"template--19916141035816__1cde59cb-baae-46c2-9504-abb906c0deef-heading-1":{"type":"heading","settings":{"heading":"<strong>SASSY COLLECTION<\/strong>","heading_size":"h1"}},"template--19916141035816__1cde59cb-baae-46c2-9504-abb906c0deef-text-1":{"type":"text","disabled":true,"settings":{"text":"<p>Share information about your brand with your customers. Describe a product, make announcements, or welcome customers to your store.<\/p>"}},"template--19916141035816__1cde59cb-baae-46c2-9504-abb906c0deef-button-1":{"type":"button","disabled":true,"settings":{"button_label":"Button label","button_link":"shopify:\/\/collections\/sassy-collection","button_style_secondary":false,"button_label_2":"","button_link_2":"","button_style_secondary_2":false}}},"block_order":["template--19916141035816__1cde59cb-baae-46c2-9504-abb906c0deef-heading-1","template--19916141035816__1cde59cb-baae-46c2-9504-abb906c0deef-text-1","template--19916141035816__1cde59cb-baae-46c2-9504-abb906c0deef-button-1"],"settings":{"desktop_content_position":"center","content_alignment":"center","color_scheme":"","full_width":true,"padding_top":8,"padding_bottom":0}},"8865b7ac-db1b-4c07-8311-3f0d33f429a8":{"type":"image-banner","blocks":{"3742ad20-23d5-4876-946f-6a37152f7f36":{"type":"heading","disabled":true,"settings":{"heading":"Browse our latest products","heading_size":"h0"}},"18ba16a9-0cb6-4ede-b901-8b13b0be30da":{"type":"buttons","settings":{"button_label_1":"","button_link_1":"shopify:\/\/collections\/sassy-collection","button_style_secondary_1":false,"button_label_2":"","button_link_2":"","button_style_secondary_2":false}}},"block_order":["3742ad20-23d5-4876-946f-6a37152f7f36","18ba16a9-0cb6-4ede-b901-8b13b0be30da"],"custom_css":["@media (min-width: 750px) {.banner {margin-left: 50px; margin-right: 50px; margin-top: 20px; margin-bottom: 20px; }}"],"settings":{"image":"shopify:\/\/shop_images\/party_gif_bner_girls.gif","image_overlay_opacity":0,"image_height":"adapt","desktop_content_position":"bottom-center","show_text_box":false,"desktop_content_alignment":"center","color_scheme":"inverse","image_behavior":"none","mobile_content_alignment":"center","stack_images_on_mobile":true,"show_text_below":false}},"615e1e81-c03f-4879-b675-7d070cf9206b":{"type":"featured-collection","settings":{"title":"","heading_size":"h2","description":"","show_description":true,"description_style":"body","collection":"sassy-collection","products_to_show":8,"columns_desktop":4,"full_width":true,"show_view_all":false,"view_all_style":"solid","enable_desktop_slider":true,"color_scheme":"background-1","image_ratio":"adapt","image_shape":"default","show_secondary_image":true,"show_vendor":false,"show_rating":true,"enable_quick_add":true,"columns_mobile":"2","swipe_on_mobile":true,"padding_top":0,"padding_bottom":0}}},"order":["09136434-c443-4b0f-84b1-aebaa5acf575","ff984bce-d6d3-4ac2-b143-ab9a8c1ef499","2f221fa5-9480-4ebb-bb46-59ea0d22e4b7","2eb932fd-2963-4967-8b0f-f7ec97dfa94f","13eccead-54c1-4ce0-8bc6-56ca96a28a54","9f008e21-f9ba-4ada-ad19-6daa32e844ab","769c1310-8f06-4e31-97ca-6a91dd417abe","e11e8aae-1e2a-4f31-9f06-de213915d566","image_banner","919f28a0-8ea2-4eb9-b230-af2118b270ef","9fa72d39-51ae-4063-b5d3-ceed6d653a28","4dbc3ed0-fddf-4819-817e-7a2bff3c6a30","7dcd66fb-ba30-499a-b2b4-b788f3396478","8b2568f5-6ea1-4c9d-8085-77947a31a022","b75bf887-513f-43ed-ae47-540a815c8ec4","da514475-568d-4418-9e7f-519d7b45d5a1","0bf9dd82-7877-4f46-9c64-4ecbe5985edc","596f470f-3fae-466d-84b0-2549c1845c22","a0d872a0-430d-4da0-9653-13b41853f835","ea7332f2-3d2c-4d8f-bb20-645ace2df425","ee393290-4ff4-424a-b276-0d964f2e2f69","5969a749-01ae-4c46-8bca-9da760940828","1cde59cb-baae-46c2-9504-abb906c0deef","8865b7ac-db1b-4c07-8311-3f0d33f429a8","615e1e81-c03f-4879-b675-7d070cf9206b"]}