{"sections":{"main":{"type":"main-page","disabled":true,"settings":{"padding_top":28,"padding_bottom":28}},"c3230faa-3252-4bbe-97f3-0790157b3a10":{"type":"rich-text","blocks":{"template--19930424869160__c3230faa-3252-4bbe-97f3-0790157b3a10-16894934318ffd3007-0":{"type":"heading","settings":{"heading":"About Us","heading_size":"h1"}},"template--19930424869160__c3230faa-3252-4bbe-97f3-0790157b3a10-16894934318ffd3007-1":{"type":"text","settings":{"text":"<h1>La' French<\/h1><p><strong>Company Name :<\/strong> Saanvi Cosmetics Private Limited<br\/><strong>Email :<\/strong> support@lafrenchperfumes.com<br\/><strong>Phone :<\/strong> +91 9820511848<br\/><strong>Address :<\/strong> 303, Spaces 912, Mira Bhayander Road,Thane- 401107, Maharashtra, India<\/p><p>At La’ French, our primary aim is to deliver the finest quality perfumes and to bring forth the essence and originality of fragrances that are gracious to the heart and soul. The smell of our perfume has been crafted to enhance your personality at the moment you live and add intensity to your character.<\/p><p><br\/>We have a wide range of fragrances catering to almost all types of demands in the market right from the millennials to the golden age, we have a pick for all.<br\/>Our perfumes provide the best value for your money without any quality reduction. With the long-lasting performance, the perfume spreads the magic of mystic notes throughout the day and keeps you going all day long.<\/p><p><br\/>If you like yourself smelling elite without making an effort, be a part of the La’ French family and manifest the real essence of fragrances us.<\/p>"}},"template--19930424869160__c3230faa-3252-4bbe-97f3-0790157b3a10-16894934318ffd3007-2":{"type":"button","disabled":true,"settings":{"button_label":"Button label","button_link":"","button_style_secondary":false,"button_label_2":"","button_link_2":"","button_style_secondary_2":false}}},"block_order":["template--19930424869160__c3230faa-3252-4bbe-97f3-0790157b3a10-16894934318ffd3007-0","template--19930424869160__c3230faa-3252-4bbe-97f3-0790157b3a10-16894934318ffd3007-1","template--19930424869160__c3230faa-3252-4bbe-97f3-0790157b3a10-16894934318ffd3007-2"],"settings":{"desktop_content_position":"center","content_alignment":"center","color_scheme":"","full_width":true,"padding_top":40,"padding_bottom":52}}},"order":["main","c3230faa-3252-4bbe-97f3-0790157b3a10"]}