{"sections":{"main":{"type":"main-page","disabled":true,"settings":{"padding_top":36,"padding_bottom":36}},"2d3ef87a-3018-4f36-822d-e83280bec0e7":{"type":"rich-text","blocks":{"template--19916141101352__2d3ef87a-3018-4f36-822d-e83280bec0e7-16894934318ffd3007-0":{"type":"heading","settings":{"heading":"Contact Us","heading_size":"h1"}},"template--19916141101352__2d3ef87a-3018-4f36-822d-e83280bec0e7-16894934318ffd3007-1":{"type":"text","settings":{"text":"<h2>We'd love to hear from you.<\/h2><p>At La’ French, customer satisfaction is of prime importance to us. If you have any complaints, queries or feedback, we’d love to hear from you. Simply write to us using the contact form alongside and we will respond within 24 hours or alternatively you can get in touch with us via,<\/p><p>ADDRESS<\/p><p>303, Spaces 912, Mira Bhayander Road,<br\/>Thane- 401107, Maharashtra, India<\/p><h6>EMAIL<\/h6><p>customercare.saanvicosmetics@gmail.com<\/p><h6>CONTACT US<\/h6><p>022 35503198<\/p><h1>Get answers to all your questions you might have.<\/h1><p>We will answer any questions you may have about our online sales right here.<\/p><p>Monday to Sat from 09:00 to 21:00<\/p>"}},"template--19916141101352__2d3ef87a-3018-4f36-822d-e83280bec0e7-16894934318ffd3007-2":{"type":"button","disabled":true,"settings":{"button_label":"Button label","button_link":"","button_style_secondary":false,"button_label_2":"","button_link_2":"","button_style_secondary_2":false}}},"block_order":["template--19916141101352__2d3ef87a-3018-4f36-822d-e83280bec0e7-16894934318ffd3007-0","template--19916141101352__2d3ef87a-3018-4f36-822d-e83280bec0e7-16894934318ffd3007-1","template--19916141101352__2d3ef87a-3018-4f36-822d-e83280bec0e7-16894934318ffd3007-2"],"settings":{"desktop_content_position":"center","content_alignment":"center","color_scheme":"","full_width":true,"padding_top":40,"padding_bottom":52}},"form":{"type":"contact-form","settings":{"heading":"","heading_size":"h1","color_scheme":"background-1","padding_top":36,"padding_bottom":36}}},"order":["main","2d3ef87a-3018-4f36-822d-e83280bec0e7","form"]}