{"sections":{"main":{"type":"main-product","blocks":{"vendor":{"type":"text","settings":{"text":"{{ product.vendor }}","text_style":"uppercase"}},"title":{"type":"title","settings":{}},"fcf51a78-70de-4540-8c55-dad666c0eeee":{"type":"shopify:\/\/apps\/judge-me-reviews\/blocks\/preview_badge\/61ccd3b1-a9f2-4160-9fe9-4fec8413e5d8","settings":{}},"price":{"type":"price","settings":{}},"variant_picker":{"type":"variant_picker","settings":{"picker_type":"button"}},"quantity_selector":{"type":"quantity_selector","settings":{}},"buy_buttons":{"type":"buy_buttons","settings":{"show_dynamic_checkout":false,"show_gift_card_recipient":false}},"description":{"type":"description","settings":{}},"share":{"type":"share","settings":{"share_label":"Share"}},"32689a35-413b-4582-905b-cf27de9affad":{"type":"shopify:\/\/apps\/judge-me-reviews\/blocks\/review_widget\/61ccd3b1-a9f2-4160-9fe9-4fec8413e5d8","disabled":true,"settings":{}}},"block_order":["vendor","title","fcf51a78-70de-4540-8c55-dad666c0eeee","price","variant_picker","quantity_selector","buy_buttons","description","share","32689a35-413b-4582-905b-cf27de9affad"],"custom_css":[".badge {border-radius: 0;}",".price__sale {font-weight: 800;}",".button {box-shadow: 20;}"],"settings":{"enable_sticky_info":true,"media_size":"medium","constrain_to_viewport":false,"media_fit":"contain","gallery_layout":"thumbnail_slider","media_position":"left","image_zoom":"none","mobile_thumbnails":"hide","hide_variants":true,"enable_video_looping":false,"padding_top":0,"padding_bottom":12}},"99e202f4-12ee-4e53-88db-206d3356ffc7":{"type":"custom-liquid","settings":{"custom_liquid":"<script type=\"text\/javascript\" async=\"\" src=https:\/\/feed.lively.li\/shoppableFeedsNew.min.js><\/script>\n  <div id= \"render_lively_html_content\" pip=\"1\"  brand_id=\"240a8a76ac\" style=\"z-index: 1000;\">","color_scheme":"","padding_top":40,"padding_bottom":52}},"f1ac946e-1ce7-4643-a4df-a5cb1cecb822":{"type":"rich-text","blocks":{"template--19916141199656__f1ac946e-1ce7-4643-a4df-a5cb1cecb822-1689491249042b4db7-0":{"type":"heading","settings":{"heading":"Related Products","heading_size":"h1"}},"template--19916141199656__f1ac946e-1ce7-4643-a4df-a5cb1cecb822-1689491249042b4db7-1":{"type":"text","disabled":true,"settings":{"text":"<p>Share information about your brand with your customers. Describe a product, make announcements, or welcome customers to your store.<\/p>"}},"template--19916141199656__f1ac946e-1ce7-4643-a4df-a5cb1cecb822-1689491249042b4db7-2":{"type":"button","disabled":true,"settings":{"button_label":"Button label","button_link":"","button_style_secondary":false,"button_label_2":"","button_link_2":"","button_style_secondary_2":false}}},"block_order":["template--19916141199656__f1ac946e-1ce7-4643-a4df-a5cb1cecb822-1689491249042b4db7-0","template--19916141199656__f1ac946e-1ce7-4643-a4df-a5cb1cecb822-1689491249042b4db7-1","template--19916141199656__f1ac946e-1ce7-4643-a4df-a5cb1cecb822-1689491249042b4db7-2"],"settings":{"desktop_content_position":"center","content_alignment":"center","color_scheme":"","full_width":true,"padding_top":40,"padding_bottom":0}},"related-products":{"type":"related-products","settings":{"heading":"","heading_size":"h2","products_to_show":4,"columns_desktop":4,"color_scheme":"background-1","image_ratio":"adapt","image_shape":"default","show_secondary_image":true,"show_vendor":false,"show_rating":true,"columns_mobile":"2","padding_top":16,"padding_bottom":28}},"1689598036ec7e7f7b":{"type":"apps","blocks":{"570f6a95-3c4a-4d5c-926b-1d3adb32817c":{"type":"shopify:\/\/apps\/judge-me-reviews\/blocks\/featured_carousel\/61ccd3b1-a9f2-4160-9fe9-4fec8413e5d8","settings":{"maxwidth":1080}}},"block_order":["570f6a95-3c4a-4d5c-926b-1d3adb32817c"],"disabled":true,"settings":{"include_margins":true}},"168959805485811c89":{"type":"apps","blocks":{"6c68f649-75e8-4230-99cb-19b892859513":{"type":"shopify:\/\/apps\/judge-me-reviews\/blocks\/review_widget\/61ccd3b1-a9f2-4160-9fe9-4fec8413e5d8","settings":{}}},"block_order":["6c68f649-75e8-4230-99cb-19b892859513"],"settings":{"include_margins":true}}},"order":["main","99e202f4-12ee-4e53-88db-206d3356ffc7","f1ac946e-1ce7-4643-a4df-a5cb1cecb822","related-products","1689598036ec7e7f7b","168959805485811c89"]}